onset	duration	sample	trial_type	value	distance_from_previous	onsets_centered_first	trigger_temp
0.0	0	0	t01/p50	1	0.0	0.0	0
64.00399999999999	0	64003	t02/p150	2	64.00399999999999	64.00399999999999	63996
108.00300000000001	0	108003	t03/p100	3	43.999000000000024	108.00300000000001	108028
162.002	0	162002	t04/p50	4	53.998999999999995	162.002	162050
226.002	0	226002	t05/p150	5	64.0	226.002	226039
270.001	0	270001	t06/p100	6	43.99899999999997	270.001	270058
324.007	0	324007	t07/p150	7	54.00600000000003	324.007	324030
368.001	0	368001	t08/p50	8	43.99399999999997	368.001	368063
432.004	0	432004	t09/p100	9	64.00300000000004	432.004	432023
486.004	0	486004	t10/end	10	54.0	486.004	486035
