onset	duration	sample	trial_type	value	distance_from_previous
0.0	0	0	t01/p50	1	0.0
64.006	0	64006	t02/p150	2	64.006
108.00399999999999	0	108003	t03/p100	3	43.99799999999999
162.00300000000001	0	162003	t04/p50	4	53.999000000000024
226.007	0	226007	t05/p150	5	64.00399999999999
270.00699999999995	0	270006	t06/p100	6	43.99999999999994
324.006	0	324006	t07/p150	7	53.999000000000024
368.00199999999995	0	368001	t08/p50	8	43.99599999999998
432.001	0	432001	t09/p100	9	63.999000000000024
486.004	0	486004	t10/end	10	54.00300000000004
